<?xml version="1.0" encoding="UTF-8"?>
<project-private xmlns="http://www.netbeans.org/ns/project-private/1">
    <editor-bookmarks xmlns="http://www.netbeans.org/ns/editor-bookmarks/2" lastBookmarkId="0"/>
    <open-files xmlns="http://www.netbeans.org/ns/projectui-open-files/2">
        <group>
            <file>file:/C:/Users/andro/Desktop/easyquiz-master/QuizAppPersistenceMySQL/src/model/conf/CreatePost.sql</file>
            <file>file:/C:/Users/andro/Desktop/easyquiz-master/QuizAppPersistenceMySQL/src/model/conf/CreateQuestao.sql</file>
            <file>file:/C:/Users/andro/Desktop/easyquiz-master/QuizAppPersistenceMySQL/src/model/conf/CreateUsuario.sql</file>
            <file>file:/C:/Users/andro/Desktop/easyquiz-master/QuizAppPersistenceMySQL/src/model/dao/UsuarioDAOImpl.java</file>
            <file>file:/C:/Users/andro/Desktop/easyquiz-master/QuizAppPersistenceMySQL/src/model/conf/CreateQuestaoFechada.sql</file>
            <file>file:/C:/Users/andro/Desktop/easyquiz-master/QuizAppPersistenceMySQL/src/model/conf/CreateQuestaoAberta.sql</file>
        </group>
    </open-files>
</project-private>
